GROUP,PACKAGE,CLASS,INSTRUCTION_MISSED,INSTRUCTION_COVERED,BRANCH_MISSED,BRANCH_COVERED,LINE_MISSED,LINE_COVERED,COMPLEXITY_MISSED,COMPLEXITY_COVERED,METHOD_MISSED,METHOD_COVERED
Siddhi io snmp extension,org.wso2.extension.siddhi.io.snmp.sink.exceptions,SNMPSinkRuntimeException,12,0,0,0,6,0,3,0,3,0
Siddhi io snmp extension,org.wso2.extension.siddhi.io.snmp.util.exceptions,SNMPRuntimeException,12,0,0,0,6,0,3,0,3,0
Siddhi io snmp extension,org.wso2.extension.siddhi.io.snmp.source,SNMPSource,21,86,2,2,6,24,6,7,4,7
Siddhi io snmp extension,org.wso2.extension.siddhi.io.snmp.source,SNMPServer,12,55,2,4,2,22,2,9,0,8
Siddhi io snmp extension,org.wso2.extension.siddhi.io.snmp.util,SNMPValidations,112,362,47,39,12,56,39,26,0,9
Siddhi io snmp extension,org.wso2.extension.siddhi.io.snmp.util,SNMPManagerConfig,6,288,3,19,2,69,3,29,0,21
Siddhi io snmp extension,org.wso2.extension.siddhi.io.snmp.util,SNMPConstants,3,0,0,0,2,0,1,0,1,0
Siddhi io snmp extension,org.wso2.extension.siddhi.io.snmp.util,SNMPManager,43,282,8,20,6,62,8,17,0,11
Siddhi io snmp extension,org.wso2.extension.siddhi.io.snmp.sink,SNMPSink,55,66,1,1,8,21,3,9,2,9
